,flow_1,flow_2,flow_3,flow_4,flow_5,flow_6,flow_7,flow_8,flow_9,flow_10,flow_11,flow_12,flow_13,flow_14,flow_15,flow_16,flow_17,flow_18,flow_19,flow_20
2022-08-21 01:00:00,29.840695789903613,11.397539702081104,81.70361057551493,25.776865342874622,3.2965267250881163,37.89791804852091,9.395322484502246,1.2391744604404455,4.0095994604852905,3.125983242351067,5.5175250945494065,3.6144573432625977,3.32050075547095,2.0665705297367536,1.4189028676468425,3.637474368863037,5.699740160315718,8.917125371336223,2.8108896361790268,1.5482642504374777
2022-08-21 02:00:00,22.974411517007102,7.943255222017058,76.91021857270756,21.203170186919102,2.1358646014209097,25.227790275971437,6.7007613651363265,0.8577040824207454,2.8830944699450605,0.9162828338665765,1.866321910423018,0.7216633286034253,2.8669076151777793,1.4682350951419585,0.7302984497281111,2.4087412826997783,3.7407005386310637,6.078121354688253,2.250686946619197,0.9774416683112537
2022-08-21 03:00:00,20.869746575954487,6.341206521269591,74.71495659998851,16.744917344676054,1.8139869722780957,21.88746259743462,5.6750906205292,0.852101352735511,2.5650733162506283,2.773161797275164,3.7316156996289216,2.8293010358730495,2.568036370647237,1.2047591311864476,0.6644667849533346,1.6289311136976834,2.778535888494855,7.385044205044419,2.1417439164841587,0.7374628527642035
2022-08-21 04:00:00,20.141595392184566,5.926150477554945,66.4968847709289,17.315187526744797,1.632177426813838,20.90138316354649,5.248569635602648,0.8196028720497603,2.303904440217588,0.9089898638782499,1.6310094346121442,0.4458449509675848,2.6142963705363647,1.1906728683847354,0.5130638466520123,1.6206679428964388,2.81656162432923,6.170291384614739,0.7788980579927247,0.8421546839539085
2022-08-21 05:00:00,20.893470449737645,6.607742235819282,55.16807172841706,18.84067172718821,1.9617545596479293,24.429569519374347,5.720389676515492,0.9851552439995406,2.9055982261836233,2.239993938078487,3.192704359130844,2.892359466369033,2.54478699547912,1.2059934154610357,0.7868585707623152,1.9774642680152872,3.3330966947511405,7.323689632285439,2.443379417045815,1.1849505888768481
2022-08-21 06:00:00,36.24702155151428,13.774563946427637,66.93708149734421,33.61736144319933,3.931951569940539,52.604832957196756,11.434954396400853,1.7936316167377675,6.384573223908512,11.106106612061161,3.563641839411948,9.442800119565764,3.458171373648992,2.220771464624658,1.5143460898050765,3.296599630651092,6.89866194684391,16.03121304484697,8.299999085617113,1.924777745665376
2022-08-21 07:00:00,50.45663044261254,23.649378826561755,90.86778246501285,52.466796240231126,7.361813578086084,92.30218709668867,19.93706782640031,2.944359878430867,10.2657796733657,4.821996432264231,6.859521702329453,5.35355323180762,5.146300817929486,3.5322253226113487,2.947075657915371,6.177741090872389,12.036432978607117,12.407262094079048,5.165224206688635,3.013020780501108
2022-08-21 08:00:00,57.98672154152222,27.21629646962639,101.13786911142114,61.32129418684568,8.883736830661764,108.7602272164991,22.237377399564743,3.426369012451098,10.759504756271253,3.8079536319570897,7.460325336326141,4.328316698861313,5.803850427223842,4.234538367217602,3.366493085001605,7.183576820463163,13.41059683559476,9.8832907787363,3.3743474487219376,3.745728233586674
2022-08-21 09:00:00,57.65765500160381,26.695443113013113,102.0325126873237,59.871003410691415,8.044097952132278,105.78598447973012,20.923822688467155,3.0388729038569533,10.03936197372932,4.87076628985195,7.026034529862587,5.223911775940329,5.695960127048005,3.764047073469036,2.707060484971563,6.588816625964099,12.390718988011546,13.311985855470924,4.945396973837272,4.230484849549126
2022-08-21 10:00:00,52.87647733169571,24.742059853021992,98.53590071554035,54.58984517238536,7.080072076754409,96.51987115645369,19.043204158374316,2.6581970964431707,9.043952741032827,2.776378309063308,7.092063001199925,2.412204470600318,5.500868600316832,3.2690702132026415,2.2192356400450355,6.8223079863812,11.569785578892764,12.575469955635874,2.3583277691512814,3.863235123642784
2022-08-21 11:00:00,51.24964542969269,23.402200477133086,97.3062044488723,52.99125113803654,6.784346720571471,91.68596290789263,18.181396395373877,2.592009393036497,8.300936401647588,4.327985803293805,6.050068273183894,4.502482295853479,5.4864448037500875,3.3135647402307877,2.2857514624342388,6.8528381464188675,11.774178943756098,13.020590749086594,4.6376297790604415,3.658663428108924
2022-08-21 12:00:00,50.203663338038076,22.592426952124374,98.26595998544454,47.36378924636289,6.5864607532906385,89.81042708542503,17.878415481068505,2.4497680216026887,8.203226987202466,2.7696014740882426,6.579022221914968,6.734602767322061,5.108201047523909,3.1284502744336278,2.487685887519246,6.344949930396862,11.201876016380218,15.703948408755878,7.012700678671112,3.613888491036651
2022-08-21 13:00:00,44.62516203482348,19.076413090065657,91.51812226400654,39.113353915541104,5.187832762023104,74.89025730088004,14.417425409048828,2.0422154537151425,6.57065723833603,3.689947618336907,4.486798599686714,3.916874710719158,4.719529458592166,2.68143535941178,1.9656789914316923,5.038592492016862,8.74860814734832,11.29627984334805,4.145125658724387,2.803178647589208
2022-08-21 14:00:00,34.372449004091656,15.117421686555568,81.24548858064216,30.446567054740125,4.49899463471026,61.08608638657655,11.339878271848846,1.680990656187198,5.3501338702224315,1.9874624089000796,4.128699965155196,1.9448758289730534,4.368108611960311,2.0145826186088924,1.5871720846474768,3.902331384293668,6.744781981674393,6.206870741024832,2.868303782879194,2.5534157997973415
2022-08-21 15:00:00,35.56737228820848,15.054549814343535,78.49326168874205,32.080973124573596,4.869960775206545,63.221903882750034,10.606447616737523,1.552581327075187,5.363396736296716,2.9988180799786117,2.911175107906255,3.427901391974855,4.299309301751156,2.1310558716828654,1.4836149953715858,3.6098834152687056,6.206490333862454,10.065178541931664,3.530982649104995,2.5380506860809464
2022-08-21 16:00:00,40.04483433350762,17.35423470064623,82.17930457440072,36.939236903496436,4.662989616464983,70.31766316704945,11.8189144075419,1.5951185902784761,5.870014791991065,1.7337203252334108,3.2502004032470646,1.9526299159181355,4.5504701714145375,1.8481224515223675,1.5793389223366978,3.9126502066408007,7.121339576550159,6.224575440141038,1.4619311505434505,2.693867448565202
2022-08-21 17:00:00,45.69916534264264,19.988203031868938,89.66766064098917,47.20872718135585,5.234509187244507,79.44171899156639,14.908782383670523,1.98579285013874,7.439369102165498,3.76194770373193,4.657833443398336,3.524372956640131,4.645636578418075,2.6793640164434542,1.8683040761658187,5.209717816986389,8.615870228843276,10.825010101897261,3.901627202409145,2.8934871798173902
2022-08-21 18:00:00,55.57519527031761,23.85687601675825,100.70113330240822,62.35879630162752,6.639676044476192,93.14348179496498,18.463842122838237,2.5651430939551783,8.906664622945852,10.028059969946533,5.387765737194132,6.863084236375542,5.49739410104204,4.398953764795854,2.2713926310839483,6.611170446713813,10.722972817056746,20.191252310169702,8.299990054205896,2.928557524539506
2022-08-21 19:00:00,59.316276247124264,27.23189286103452,106.28757932874441,62.93231045620341,7.662210471872992,105.05172911602668,21.699496162778665,2.9422809236179757,9.8517877928437,4.695887974448846,7.277367485150449,4.42811731506977,5.790220935286847,3.730622375721037,2.9918221512782757,8.143321705808926,12.653598604071725,12.490011951603064,4.443171180025518,3.2595814030831627
2022-08-21 20:00:00,71.46602931976764,33.94315928092801,110.96274229324166,73.72891957437156,9.437483525778728,126.86403943361975,27.662386340451306,3.6053033315747776,12.164243495353968,6.092136295063023,6.905925765190063,5.616239650873124,6.320197991637604,4.8118038292374194,3.8892613861402348,10.100860859873311,15.5345766722129,13.253409270250671,3.796329092204829,3.7660715013301505
2022-08-21 21:00:00,83.93089189153632,44.13146882301359,120.47595933097989,80.66898088877608,12.34277448077464,162.31456503879684,37.312311240907654,5.034291144990737,16.725207271019915,6.461155922646897,11.891976290400201,7.403672726466557,8.081664018169649,7.056149919377328,5.1174004240653215,12.585176694833464,21.1804626610924,16.651253749760883,6.589200260310552,5.20230579689337
2022-08-21 22:00:00,82.68251436003577,45.52649774013498,122.62742118636893,86.5525932207455,12.058717099682415,165.10336227978902,38.69323800507907,5.7050747235471935,17.487579941699558,4.93112846873577,10.530479811224254,5.88232585188366,8.578869352260885,7.230546515981773,5.004440823917138,13.716605673706855,22.868484595274342,15.75494466890287,6.285491879614943,5.881209134902937
2022-08-21 23:00:00,64.92026761244566,34.7058332196889,111.82603322161586,93.83947047467899,8.141315576051397,119.34758247636597,28.21301011441519,4.316442942231369,11.86606618061524,5.995600618751578,10.004251051788113,5.8444700008487915,7.511924925755649,6.139650842927596,3.9892265752983374,10.68998935904564,17.231418013844237,14.376748850658599,4.602545569844043,4.6124276423584165
2022-08-22 00:00:00,40.56281818306926,20.292137255619465,95.28412191218573,57.052500931134844,5.216371733338342,69.02408749177037,16.347342790281765,2.2986536473706245,6.4468004817270215,2.541911743652217,13.94855805059757,5.986204540404823,5.091251300202127,3.5885194271256706,3.0527122686454726,6.189960445224658,9.97902865138402,9.258267271689856,2.275737402172135,2.8826875428497853
2022-08-22 01:00:00,30.06657298272298,11.347317842196318,84.12390226277832,25.589969165476504,3.402168003059196,40.00590243729501,9.099170237787467,1.0849803166332341,3.7808365503764785,2.7355865753420847,2.911761401072164,2.3173718076275436,3.1753484852607814,1.862154686312104,1.3825062066757998,3.5586812665007748,5.594011926954742,7.406788382956199,2.2029352435750464,1.5353460921195812
2022-08-22 02:00:00,23.228922548498225,7.779797330369302,79.2759959150977,20.829400318299193,2.198640129707525,27.120974649389233,6.3015525021217105,0.6745702597345744,2.594510561919023,0.40060169937284806,-0.8870210198512103,-0.6399472158428576,2.6388780201416457,1.2609272804449723,0.6643250885170839,2.29093869423701,3.5830334283189567,4.511883167021378,1.6074410562968664,0.9737930174528806
2022-08-22 03:00:00,21.160271976020734,6.064955751487233,77.01507786804582,16.190318199523716,1.8326447020944796,23.555913654243938,5.17822976675663,0.641272086182409,2.219153607927053,2.1357911495745405,0.8564060012107779,1.417362172686449,2.2585618996959282,0.9970651327742872,0.5697291511494973,1.473206558278882,2.569797499256179,5.784292446685267,1.4711580894736862,0.7424976421190843
2022-08-22 04:00:00,20.47466846192141,5.538278494920984,68.72040675532614,16.58713525776268,1.605704008274515,22.335853019167544,4.660100372099951,0.5825481278248783,1.9035052846335816,0.15486958144264973,-1.3391497295093604,-1.0015991712472818,2.225606737917654,0.9850847861511158,0.3906767579402921,1.4283642693241507,2.557838630502764,4.556384356302305,0.08907345233201758,0.8551868492898977
2022-08-22 05:00:00,21.274667167802825,6.110144187389826,57.30431920822002,17.947798566544293,1.889390303611099,25.62159881439682,5.046930312773608,0.723556846011979,2.4539200131520307,1.3753501983191172,0.15539582586938572,1.4246701386421363,2.0798870903043523,1.0049623962921208,0.6382238743017281,1.750169210135272,3.0256888093292638,5.717689025956433,1.74245850715672,1.2052027687656657
2022-08-22 06:00:00,36.68086252848963,13.169846851497912,68.97571349658247,32.56946673322946,3.8132031734012752,53.546850978638226,10.68362847321356,1.5093672171839523,5.885130189507177,10.13837756004508,0.48753504501160627,7.970367811082886,2.9208102377833547,2.0266809711376927,1.341133917132907,3.036133076626165,6.544074575988651,14.453621995004596,7.596057535234392,1.9513908904364436
2022-08-22 07:00:00,50.94649629246253,22.940843477834967,92.7988548663732,51.27474515036248,7.196464440472463,92.98760766588343,19.115430157135638,2.639484950803064,9.722366967198012,3.7597430747910265,3.7731813551414026,3.8919245609261135,4.540932051401342,3.3473652462714334,2.751202541215958,5.886140185643357,11.636368616526127,10.877771836154842,4.466164299497604,3.045064557541742
2022-08-22 08:00:00,58.53478287751263,26.40791300981195,102.95189326327943,59.99690528823541,8.671854814460069,109.1835391273803,21.353336508846784,3.103097068072252,10.176163125797931,2.660757071804824,4.392190885442233,2.8928844715950377,5.135584485653817,4.0610802871697524,3.1500972192854095,6.8630790449319035,12.966945258589886,8.420539078311016,2.687794457264732,3.7822121077534208
2022-08-22 09:00:00,58.264818083378344,25.791820517243664,103.72050968230653,58.42692639137386,7.786040469595424,105.94283530785334,19.985560543059133,2.6995541527460225,9.42034044903538,3.6491125839087997,4.004084044446346,3.829718884714365,4.970509072552696,3.6040209468792086,2.472474455250522,6.241841018321526,11.905546315559821,11.933330213042415,4.278599807506703,4.270369710510044
2022-08-22 10:00:00,53.54234618675021,23.748409611423526,100.08945106248215,53.0394300836104,6.776488414240831,96.40714330354942,18.059094109999414,2.3052957904480222,8.393669723219006,1.491532389175618,4.143483941714259,1.073752403491643,4.724483959230071,3.124342765702169,1.9689569632668624,6.451434690522205,11.045322277568875,11.29677840000257,1.7180651844904513,3.90544532621958
2022-08-22 11:00:00,51.972501074859345,22.324294837095543,98.7174929292336,51.34841069229665,6.436177542044952,91.30184082164112,17.15992027158475,2.2280801042716982,7.623939573183763,2.9918560358258683,3.200939208867814,3.2335467012502797,4.66584926861945,3.185819804816161,2.0224113198431644,6.460786491679189,11.212806859011469,11.856052805659749,4.0301233610130165,3.7020991080769163
2022-08-22 12:00:00,50.98046050474766,21.43655213609704,99.52781552267774,45.642855736846194,6.19493475792325,89.15445467322255,16.82808076377023,2.077431120091298,7.504152473531554,1.394596544789628,3.8540094099674937,5.548058429231476,4.250514834211034,3.019171302580028,2.2140164451320046,5.934555262097657,10.60611452398888,14.665908564985173,6.443535711164774,3.6574380165682983
2022-08-22 13:00:00,45.451543578561356,17.8493179561953,92.62405269410091,37.328932402065284,4.75446050087931,73.96338463902653,13.346683430121,1.6641320566945157,5.8541884539091935,2.288827531269351,1.908871147534744,2.824532171696452,3.832192194214558,2.5918903014922114,1.6844797216393743,4.612781985240658,8.121099521836763,10.395095548303123,3.619180902510255,2.8457310658519592
2022-08-22 14:00:00,35.242777961933584,13.826262353009435,82.1897102715446,28.61338651007939,4.025559526479471,59.8907049535092,10.2570443414704,1.299837326996493,4.620960484334245,0.5731854524955016,1.7188670620011561,0.9573317448206842,3.4587976838135956,1.9458113433266642,1.3012755144672137,3.464099085815798,6.088276087458535,5.450796658242077,2.3896910567611447,2.593873139344744
2022-08-22 15:00:00,36.47478131867233,13.706830807420362,79.27072399140556,30.213737242734755,4.358507391137867,61.76186964828136,9.51962396781136,1.171024803078555,4.6261741891308255,1.5843856703636314,0.6882485245555099,2.554404532514015,3.3758556386415046,2.0838602617579998,1.1958523115503916,3.162264765434888,5.523828748085613,9.460278441512365,3.102996988814276,2.57533997878218
2022-08-22 16:00:00,40.98129204391775,15.95774721913171,82.78570914475159,35.05247627644142,4.115809336301641,68.59830698577613,10.735916796011823,1.2157908174084768,5.1293247790031975,0.3320216562168161,1.230585144394488,1.2009645240917473,3.620772459477444,1.8230592806474195,1.2925058642092262,3.4586962977364526,6.415439254901732,5.7746627602005045,1.0870121768566556,2.7269523383756016
2022-08-22 17:00:00,46.65555880615266,18.550960958340955,90.09947572706527,45.31665454230461,4.654123359694138,77.46984391220752,13.837071142828703,1.611266597932099,6.699681434774874,2.3856061344512436,2.8553490773215837,2.9007609564378702,3.7175749325131635,2.676740680178146,1.5851275427456804,4.7524696491276845,7.889706832924681,10.531617845744458,3.5813321859016236,2.9213789925691858
2022-08-22 18:00:00,56.54142781296645,22.3870503184147,100.95560311208763,60.47516647375939,6.028816812140116,90.92734700135837,17.410458400622172,2.1979084155041613,8.172300850140482,8.689283063448768,3.81350053335887,6.37210754298988,4.578744216522439,4.418826901500955,1.9944984168973494,6.153633439126124,9.979563818413395,20.05363257419704,8.034979013891974,2.9503256791169754
2022-08-22 19:00:00,60.281379395257375,25.73774504727899,106.3627286574119,61.07028660528604,7.023799451094974,102.60102039949095,20.67100401279086,2.5847227155379753,9.126886948685542,3.406323045241613,5.939567089551867,4.072661243854994,4.888569740223016,3.7727993808293516,2.723704212207495,7.688440720602035,11.895986286824467,12.505164996229189,4.233204193830554,3.2743630544816513
2022-08-22 20:00:00,72.41828761223282,32.432974586722196,110.85737661070144,71.90094727030393,8.774608554360915,124.18982622139129,26.66482125596348,3.2596802335194153,11.452730307828826,4.86273325838591,5.80991769257675,5.397458151634776,5.4428617982249605,4.875847230064322,3.632253013747559,9.65149598731601,14.765811152125377,13.416141678672167,3.6402758416511545,3.773080314996835
2022-08-22 21:00:00,84.85797908332731,42.61348978500148,120.18966055957709,78.88667138895744,11.658664669187068,159.42924414796929,36.35113563773223,4.702716001758343,16.030763135378535,5.302039144169051,11.040131070723875,7.3209758937142295,7.235610140748505,7.141384543040337,4.873647682326921,12.144080040059276,20.40358503783221,16.954264843292023,6.485061670347397,5.200839764930169
2022-08-22 22:00:00,83.57163940526127,44.008858831327274,122.16053943604462,84.82661727648787,11.356716443284805,162.0205887406122,37.77330407708301,5.3894968139650885,16.81361692952258,3.8514791986008086,9.922209166174245,5.9333898788864445,7.770642116409817,7.336069351114431,4.775878573243805,13.286399374122023,22.086510355498696,16.188939994168777,6.230433559852938,5.870657357484175
2022-08-22 23:00:00,65.75832867950764,33.19649719161717,111.17967477043224,92.17946383558979,7.424855401808399,116.0821879087856,27.33853039095602,4.018632156995295,11.215704318150262,5.003551460213657,9.636043006461083,6.025269456925776,6.7475769378534975,6.264343462968398,3.7775573739445587,10.273145047501252,16.447320799021945,14.930579212309622,4.592942610511669,4.592276010407943
2022-08-23 00:00:00,41.33656283241504,18.79883380656137,94.46013372653314,55.46698256399765,4.488942266887681,65.59198663425725,15.521868622501039,2.0201867730769547,5.822848487413703,1.6444544552454519,13.81404842703335,6.291066570303902,4.376280779943525,3.73106281134114,2.8593884043639415,5.788780354812274,9.195724496327465,9.919091456885441,2.3072299289116938,2.8525232706850945
2022-08-23 01:00:00,30.762762572660094,9.877485215744361,83.12485337877973,24.0862730673703,2.6672893560436535,36.423988619702506,8.32557835493234,0.8272295596230212,3.1857761856544524,1.9384943347223302,3.001840683416005,2.7390515681649967,2.514643390839108,2.0210462487978424,1.208715071655689,3.1752811582856055,4.814344077347966,8.160257427404895,2.2704939959987707,1.4948610647840899
2022-08-23 02:00:00,23.834498852048082,6.340527399455505,78.10515600748516,19.413621631227652,1.4598330111280804,23.407005082463712,5.582039669427681,0.4386941146140071,2.030484701520451,-0.29163322077194387,-0.5840669035747519,-0.11017083156640872,2.036667609592481,1.4344998900468475,0.5109780668006998,1.9272327646448422,2.8097578342462155,5.342343746047655,1.7054421287788442,0.9227859300130259
2022-08-23 03:00:00,21.662523957001895,4.662943104635758,75.67639332112645,14.867274146122682,1.0934011620575,19.728385545315277,4.514315479575828,0.42820862591509923,1.6879580923528161,1.5515787560154195,1.3580891461034534,2.045152608087344,1.7183762801181848,1.1835078827373016,0.43745414262689586,1.1308944614006613,1.8055690756666056,6.675006721951601,1.593465845445746,0.6808749236520759
2022-08-23 04:00:00,20.86139716149721,4.1797740029247485,67.21847458179084,15.360341269571453,0.8694585245676585,18.413871665680546,4.052637432453906,0.39301076483827213,1.4065845773566474,-0.3195115938264066,-0.6551125089798902,-0.28710630566487705,1.7502448577697267,1.1824652553292845,0.2798144170598702,1.1089203686490094,1.8051983749338891,5.489763417883423,0.2291305262138752,0.7829623795444074
2022-08-23 05:00:00,21.534346641994123,4.800913461664139,55.64435912093983,16.819459761628412,1.1594915146062545,21.62473887343085,4.496123026602563,0.558032582030612,1.992366634420974,1.0112400240947061,1.0034127232892995,2.2134731228049547,1.6713935230850359,1.2112501236475701,0.5488275932420039,1.454834143988708,2.2870518500954384,6.675536887588799,1.8933817077761226,1.12249640809463
2022-08-23 06:00:00,36.80279482972671,11.915133957314312,67.16353844555738,31.540484726196162,3.092886555799038,49.49501223324398,10.189058124049117,1.3681173717535469,5.45968785958334,9.883614044650162,1.4794116081494564,8.820170325711889,2.580460998972815,2.2397718531603337,1.272973535527381,2.7659076994330083,5.821719222320975,15.417386975436767,7.750738391958661,1.858425859250762
2022-08-23 07:00:00,50.920958551069866,21.745340205411175,90.84084034789088,50.34474000699003,6.488826219650581,88.90086667559385,18.676087325932585,2.522548329006595,9.333437348658858,3.612059621856595,4.887326643166901,4.7886721461378094,4.269229579959223,3.5651065581435795,2.7037717174917213,5.641781920286781,10.932426472144058,11.828802066955475,4.61737292687124,2.942163714008699
2022-08-23 08:00:00,58.353164624141705,25.27573393868404,100.85494567327157,59.164252234807705,7.979827381020069,105.08199820077787,20.967659727148217,3.0102954990174786,9.823816013371065,2.6165834834155666,5.6058350189213435,3.8219629757485745,4.932261807635093,4.281296020921374,3.1226243516173775,6.645100653984692,12.283392450142763,9.34033883040749,2.828285374067251,3.669793185561449
2022-08-23 09:00:00,57.919747058227784,24.726484041923335,101.49203397034559,57.68880671745007,7.112369557532368,101.84647026396104,19.651480691860694,2.6305003029096383,9.104327216409745,3.703629981742736,5.293583754282169,4.7761460754862455,4.834543052829198,3.8245371579449814,2.463936994709477,6.050511774813445,11.244195876762888,12.80381372756224,4.40121831613367,4.148939589615269
2022-08-23 10:00:00,53.02780103592857,22.75282504168994,97.73731793975548,52.39189553256566,6.123712279591651,92.33565156301651,17.774083922444525,2.2594031312236993,8.113439805042475,1.638743679458715,5.484637760323625,2.0223745679860254,4.654117437661431,3.343012622414687,1.9780989201880912,6.28678390667377,10.40781772654768,12.100517941683837,1.8158529068607372,3.775593422124442
2022-08-23 11:00:00,51.283909453837865,21.400755596321158,96.25000581913638,50.786460432423766,5.806608352612169,87.27449129349567,16.9210482226375,2.2045748858484586,7.378659720020169,3.224671005750576,4.56930827016819,4.169237729991576,4.658621765687952,3.4005480376959545,2.047763721761722,6.322609332179054,10.60061698591243,12.576517734475903,4.096421537733217,3.5644899720031265
2022-08-23 12:00:00,50.114781317050195,20.58673503645766,96.95367746038724,45.160524897584025,5.590642384997267,85.18994097987947,16.63206860262938,2.0753661842948588,7.29272849772456,1.7049304943303198,5.225239765267836,6.455918845249047,4.303301410663289,3.2279377627427324,2.2539204693271913,5.822420750607376,10.020529407578346,15.28769234516463,6.472084898578091,3.5128032501558524
2022-08-23 13:00:00,44.40733224147326,17.07428844803693,89.95233332098353,36.919391007490006,4.1772588729722315,70.07968313958824,13.1899665605881,1.6824022990584007,5.675289152371738,2.6677121693197927,3.259013490957509,3.690085561953959,3.9412499484299373,2.792772348181539,1.7371121909510858,4.526043085845882,7.5632277770941805,10.904127761046018,3.6042157430757107,2.6948606593340036
2022-08-23 14:00:00,34.020233800625455,13.126485583474683,79.42981305121877,28.269047512286857,3.476995676490566,56.10493899449817,10.13583423148648,1.3371966007804015,4.473043405642768,1.010890639151902,3.0246897955267475,1.766716082470373,3.6198192784393273,2.1370047962599847,1.3646764147440793,3.4019047198976406,5.559043337320693,5.834537283817934,2.3260288611928583,2.4376063479211814
2022-08-23 15:00:00,35.07577641009649,13.08218826675404,76.43235375353089,29.92637228662909,3.8398532991985306,58.09018143046468,9.429971757199745,1.2261040438813848,4.5075128967268565,2.070550450337149,1.9275401914617967,3.2945559431922717,3.5840291657524403,2.2636986756724395,1.2679539651546667,3.1235736069053814,5.0239773075118785,9.707891908299377,2.9861189483261232,2.414555857255047
2022-08-23 16:00:00,39.40938104788246,15.407558686439852,79.87884002350543,34.81333770481457,3.6280566367340703,65.05573833495968,10.673777259595926,1.2871171529654064,5.038037247562099,0.8557929101150439,2.382442392942491,1.8597911376497884,3.870846875474173,1.9900313191485854,1.3711633722930527,3.442292168871889,5.945529000936967,5.877169509820636,0.9131361110235234,2.5625600547502803
2022-08-23 17:00:00,44.915969550972655,18.074011407334844,87.13431953316262,45.116602108801295,4.197980948852391,74.07022716432742,13.79836617422718,1.6972831995527642,6.633759211004518,2.935783083137234,3.9004465118810394,3.4673046127916085,4.003930229884355,2.82950539216286,1.6681500938206466,4.7569783260672835,7.450117229760175,10.482021461472241,3.3474758438832346,2.754308044180943
2022-08-23 18:00:00,54.641032641725076,21.981621394407217,97.94257816359917,60.30479716853634,5.604711362385487,87.68320711830712,17.391139199019126,2.2969948411212746,8.12963860656647,9.25446578672625,4.734339045522179,6.836691271148824,4.895465444129914,4.556226730969632,2.0796810494853273,6.1775406618423645,9.570497058308632,19.847020826272633,7.73901306347825,2.7815161335512952
2022-08-23 19:00:00,58.22864750542958,25.40165067594996,103.3124290499051,60.9200659830992,6.631878800038214,99.52348928801271,20.66711117546718,2.6952154902245224,9.10531205846257,3.9750631302601143,6.720697536276061,4.427020610093855,5.229523938617923,3.893870769481839,2.808859612719799,7.730111191359215,11.51747149695787,12.138783500727222,3.873894164485953,3.104755934919719
2022-08-23 20:00:00,70.22321885358191,32.16360023930644,107.78054190093873,71.76134064777936,8.41474790923889,121.28857012367598,26.672542019842226,3.379893414492755,11.450032077085197,5.423684663387205,6.438137110986981,5.634854775504591,5.801776885318603,4.979828703125631,3.7152429323124947,9.709193134103774,14.417709614089004,12.889439208988293,3.2173124274979203,3.6036082471097943
2022-08-23 21:00:00,82.53201991051927,42.40783489232555,117.09714581107058,78.7482733024828,11.330475534111407,156.71240483482921,36.366857559402575,4.83096147774636,16.044721340734963,5.844107364053316,11.50464897208821,7.4362916535868395,7.6061547626493216,7.227722201935847,4.952413554778938,12.215986316788268,20.08559635995128,16.268909701034346,5.9990789468375585,5.032417996920429
2022-08-23 22:00:00,81.1275818921674,43.8635818065009,119.06328555602649,84.68027762100702,11.059558145062818,159.49473907396163,37.793664489718736,5.524104094399682,16.84202932165856,4.363966845640555,10.21478183120011,5.9232005737070725,8.146505469680443,7.404419728192801,4.8484709471921015,13.370636865196445,21.79817953004521,15.348807221628286,5.683014825324451,5.704175258227533
2022-08-23 23:00:00,63.21019370977166,33.107962503133756,108.0886790530757,92.01640914649673,7.157849063098119,113.75230219925723,27.36046104238227,4.157967416228336,11.256412772522356,5.476298412288806,9.751074120057563,5.887896945306715,7.122547574236549,6.314573727454631,3.8421637540478875,10.367796145760112,16.18804607337363,13.941708793164436,3.9866137162276756,4.42858914317758
2022-08-24 00:00:00,38.69946877963234,18.763160531686033,91.38642050984463,55.278930991049485,4.250987047651846,63.46142606510115,15.542634968764139,2.1626709272007405,5.873763506988651,2.0679708017247385,13.748654818185733,6.026608681970833,4.744323421899914,3.763248349702482,2.9143591522293226,5.891908284861458,8.964765983478781,8.789618030325288,1.6454401260983698,2.6924461311943424
2022-08-24 01:00:00,28.052780958941614,9.890596495450803,80.07944471691532,23.86554166804476,2.457080760726365,34.49450184626952,8.342813058746453,0.9713551677191286,3.2448994869189756,2.304084438232538,2.7558823828983714,2.349389363215355,2.8699728144399845,2.035465675062559,1.2525870217452069,3.2849501225177877,4.610833027249891,6.90031240698452,1.5575844871647218,1.339160562119987
2022-08-24 02:00:00,21.068498627892872,6.398200214166982,75.09904224800466,19.153224712546542,1.2758830346017085,21.678743940633467,5.593769931628865,0.5830409135610124,2.0959296428782714,0.00824288530186168,-1.007992618644475,-0.6213885976661304,2.373818692015887,1.4316275733001336,0.542495548851647,2.0415274966882735,2.6327064833288985,3.963931082060693,0.9466026665949006,0.7721756781062794
2022-08-24 03:00:00,18.85800619809322,4.760857803776343,72.72050348831624,14.561011513770268,0.9340600312386345,18.19993566997701,4.518983923578048,0.5714575282203436,1.7579677402250384,1.7789627182789522,0.761488698318546,1.4177575512552845,2.032269361453551,1.1640041114702226,0.45558713592469413,1.2479389845191031,1.6538809941221055,5.191853891726676,0.7946798797431338,0.5360103996215142
2022-08-24 04:00:00,18.036322082240353,4.313563027193503,64.32364646075169,15.002875371617094,0.7329377730558839,17.082297628197608,4.049116342792557,0.5339561692797221,1.4795472356488881,-0.17029975650688733,-1.4164767422569007,-1.0236312592292647,2.0362456279972205,1.1471641857676529,0.28377359853711637,1.2268957669573375,1.6776792251963855,3.9171495430396694,-0.6028904557773602,0.6444369922916082
2022-08-24 05:00:00,18.706954930828235,4.9662087234640495,52.82130895268436,16.406380856539275,1.0438881163598808,20.485643317692627,4.483721838797994,0.6955928713228894,2.0668287030002785,1.0777721961398306,0.08770251399468787,1.3764529022229777,1.925366717983664,1.16114568739884,0.5380760817664292,1.5719951710816922,2.182420473548114,5.030100171562343,1.0354895558048383,0.9908385087007561
2022-08-24 06:00:00,33.99142538047573,12.107612371583834,64.42283015528565,31.06836337497282,2.9962078344042036,48.54260833936094,10.16752415480237,1.501343495850688,5.53436392446979,9.864190509491912,0.4221359032792389,7.8927743051147,2.798817269720553,2.1760018250652644,1.247235178504416,2.8805980665100748,5.73861897145577,13.716913921144327,6.874906493646235,1.7340967109207517
2022-08-24 07:00:00,48.14386470553763,21.960766890097865,88.19285423183975,49.81116633067086,6.409015241045626,88.12806312064171,18.645599818412677,2.6506303976684213,9.407217443543143,3.5046789383965513,3.7034535024067665,3.7823829708765673,4.448964988070416,3.488935005398515,2.6630358094129063,5.752448122142314,10.869436703031523,10.092001171654461,3.73200743576327,2.825556426238535
2022-08-24 08:00:00,55.628331065199006,25.51000264946935,98.30984650357007,58.56786157158587,7.914788537186336,104.48049568133335,20.928817382818217,3.132567335381503,9.895770034170447,2.4205454186512676,4.312316377534804,2.7494870394403415,5.0709894944287255,4.194094376316078,3.0671467218096766,6.750304214307325,12.23904009674984,7.586601651833266,1.9421674008233132,3.561232604619462
2022-08-24 09:00:00,55.26470949025551,24.975654446258567,99.05973848906784,57.02929148141693,7.059994047857689,101.40686851508354,19.605282943755732,2.7464419354854015,9.173706507431351,3.4195452940464426,3.9091257529342536,3.651258037692463,4.93051673160877,3.7277641748410395,2.394237447957031,6.148939811924398,11.216967028233386,11.052966383366513,3.5233984645985323,4.048683124072463
2022-08-24 10:00:00,50.4594707415838,23.01315647749838,95.42746173113908,51.67000323347816,6.081903199576368,92.04756567800679,17.72190628407548,2.3686412289846226,8.179675972515785,1.2685269637087448,4.029448088181426,0.859747742134974,4.706246461059,3.2381934814048514,1.894955060769469,6.377257942125961,10.396169129705957,10.37256622696372,0.9555414291430226,3.683832769054394
2022-08-24 11:00:00,48.81840478565843,21.66873702843213,94.07190959645669,50.00397802897841,5.773305110784405,87.1266761138004,16.864612137308132,2.306881169250085,7.441360770826326,2.771516698637789,3.064823795266569,2.984262445509538,4.666477630653981,3.2892528866041215,1.952201239907773,6.404092291238372,10.602987405664111,10.891389131155368,3.262875479116462,3.481353699487381
2022-08-24 12:00:00,47.767268069501284,20.85911095792109,94.9163128012861,44.32024979224983,5.563844174939897,85.17042217361639,16.573406274419014,2.170653869100946,7.351672429140944,1.1732723518422676,3.6938379734528635,5.26451104143719,4.267115669459382,3.1117599741591695,2.1472000133952514,5.894022122112534,10.035350772983138,13.664978233493212,5.674493643750326,3.438360177816648
2022-08-24 13:00:00,42.19187476384914,17.348080543801753,88.06428793804365,36.02508917662419,4.1550469448815015,70.17589357605888,13.131381326073093,1.7707206567653584,5.7304151583429395,2.0631667384550116,1.723711461642587,2.508487995910991,3.8619036051007227,2.673306782880544,1.6207129937123195,4.587022235403823,7.588936051459564,9.362829150700554,2.851586401851572,2.6291239702910865
2022-08-24 14:00:00,31.949658575104536,13.39901002695527,77.69925570581388,27.325399436240925,3.457554168120713,56.30385895555078,10.079857084548681,1.4187237431051245,4.524440892451588,0.34018544952278207,1.5088346048981829,0.6112946350530679,3.4988238577515314,2.0158263589237873,1.2402768848134689,3.4516723728348686,5.594089054010208,4.3928173403076975,1.62707294033887,2.3805383554412356
2022-08-24 15:00:00,33.16154966680355,13.3510685759351,74.86699894609933,28.938907464941146,3.8214884057788776,58.37848116240632,9.379314687446534,1.3011380602639169,4.555408529121564,1.3414378413546881,0.45449473632381565,2.1815935648785003,3.4234997455306324,2.1423414428775245,1.1374094932294077,3.1616915381963446,5.066835715532189,8.382838464086252,2.3491417407419064,2.366073340214118
2022-08-24 16:00:00,37.661501822356854,15.670734129106691,78.48591262954653,33.788358716193194,3.6092139220522426,65.41992144451842,10.631284108920747,1.3560657520212223,5.082780272256862,0.0769505944558575,0.9752706930547252,0.805282015295341,3.673467475936288,1.8699685115436628,1.2364816389695015,3.4684711614842954,5.994709773549097,4.6845706310549255,0.34593020839599564,2.5225400706455168
2022-08-24 17:00:00,43.34287940634111,18.329741000420707,85.92051958432829,44.06109928551819,4.1772606240807,74.49677335851096,13.766961744581643,1.7606520228192286,6.675805323739676,2.1167027157255918,2.5816025513673586,2.4867511378068303,3.7729120485148506,2.7121304504989956,1.531464198355156,4.771074477246591,7.504173691483922,9.43615697556963,2.857220129667662,2.7225941208610256
2022-08-24 18:00:00,53.249543069075315,22.228483597611323,96.91404599144964,59.22635507111046,5.580881384581195,88.15871280114905,17.37377736538318,2.3553746337386805,8.169532646839821,8.405330957591579,3.5253631708971964,5.9449063569836875,4.634498513861727,4.442835738864224,1.9432208069679828,6.179550137536751,9.628034891733826,18.96047252028147,7.332178479609285,2.7579247373030493
2022-08-24 19:00:00,57.02388581022941,25.638538937880835,102.47471105085573,59.826762961242835,6.603885672169705,100.03480458282014,20.666722771700474,2.7492683275045193,9.14366982964788,3.1066183329253194,5.641924332115739,3.637937843677062,4.942722870006837,3.785646447916106,2.67492139240182,7.720163546524569,11.577156898107965,11.422266458708856,3.5561574627542103,3.08908310966566
2022-08-24 20:00:00,69.20859311034434,32.38971460248977,107.13855719089038,70.66164285797439,8.381725090719922,121.82293092414376,26.691983262993194,3.4303381932422403,11.487521597614744,4.547096909539439,5.508418529555358,4.9613487954355495,5.493621425475928,4.877826179824445,3.586158428502425,9.687543331872206,14.478276867928539,12.351656500246412,2.993479023934878,3.59563631728267
2022-08-24 21:00:00,81.70920333315121,42.622669908843264,116.65515406433869,77.6509246060149,11.291749400904658,157.25755855337363,36.40885976598335,4.878558889333152,16.08204383569945,4.9708222046374235,10.741096296466736,6.890011020500609,7.281425967539455,7.132856733500974,4.830517895926606,12.183005592810241,20.145854812288274,15.916432333821703,5.873015884950174,5.031922226467991
2022-08-24 22:00:00,80.49651674682336,44.06691106936083,118.82485634846763,83.59418684626901,11.014651471249037,160.0390628690081,37.86078582681748,5.569641302928723,16.879900267712433,3.505560628317455,9.632529816232887,5.514415245113243,7.810218341028657,7.3174565283639215,4.736070559601162,13.326802597993941,21.857019941944742,15.185980954007515,5.657594729620712,5.710930360777372
2022-08-24 23:00:00,62.76911464570861,33.29982012539227,108.05666303094426,90.95053621022402,7.106482022766448,114.2849125178404,27.455041015035818,4.202242665599952,11.295543300779684,4.644328657073171,9.363070370590219,5.625362289121042,6.779881052981553,6.236120024259343,3.7415043988730208,10.313680899565473,16.244446342639385,13.970589058927406,4.06367048596975,4.44237553941798
2022-08-25 00:00:00,38.44494523609991,18.94381995001884,91.56292272753282,54.242173390662,4.1930757696709025,63.97227848300251,15.66675231543261,2.206478301172061,5.914842463769019,1.2738265968895859,13.56547714285308,5.917447757754163,4.400548662533357,3.693747765947005,2.827594554231513,5.828168201820789,9.01779622757441,9.009933884204623,1.8257369738951126,2.7130558555193875
2022-08-25 01:00:00,27.979778062881667,10.060546994168238,80.4658004866504,22.86662283613796,2.3927334952279975,34.97448027183522,8.498247670734788,1.0154697225140745,3.2885764361158865,1.5588387614216344,2.7855865087469045,2.3989949747740704,2.530380682416693,1.9751949944268157,1.1817485009615571,3.2123128433063957,4.659660022194713,7.309460019128018,1.8407947737713968,1.3664027247165365
2022-08-25 02:00:00,21.170455785704007,6.558121595499774,75.6957958442391,18.2005856897326,1.2053940216644357,22.11973840670199,5.7819693618481605,0.6282043963159452,2.1427990808238206,-0.677491273052039,-0.7599929760258854,-0.40943082195932945,2.0436474343947513,1.3806959229251385,0.4894630546525529,1.9607797926557415,2.6765974603161435,4.5569969420360605,1.3313038266164319,0.8058813964770044
2022-08-25 03:00:00,19.126932376883573,4.91159364654731,73.52739006241276,13.662707370376566,0.8579011877845302,18.59490806786105,4.741034984763239,0.6183648848706842,1.8085547720817,1.1627548417134412,1.230469576955982,1.793791053128862,1.7166333957478317,1.1223545603325005,0.4220620662099368,1.1599142840597043,1.6922067986576623,5.961667509416453,1.2783605718251532,0.57603712178161
2022-08-25 04:00:00,18.462906562030003,4.456092979606623,65.33957749020398,14.166477692209227,0.6517483394677921,17.425334862806025,4.305722220061909,0.583243032822599,1.5342949380575464,-0.7076956607521638,-0.7266077957411419,-0.48369267800319804,1.740066375857813,1.114577724381712,0.2712537636826873,1.1324617541390252,1.7099168443431916,4.854365047217409,-0.02381000714066417,0.6906721420137782
2022-08-25 05:00:00,19.280692146050836,5.101620289555811,54.04436155857656,15.638887563478374,0.9584624289586792,20.771997537829208,4.77518507176311,0.7478242071107049,2.1260873730701455,0.6276230995460468,0.9955723844985909,2.0782227568954337,1.6533063827595975,1.137247524702,0.547833147731033,1.4720416325254302,2.2081549437591628,6.123305854038559,1.705354890375182,1.0432023941882818
2022-08-25 06:00:00,34.70075228404957,12.23707263866936,65.85024058481889,30.37611702983108,2.9074814088924437,48.768724014298336,10.493735754892889,1.5570035626831693,5.598382382712675,9.508761033414567,1.5423465413255082,8.752412861183192,2.555216414780742,2.1602699054759507,1.2802948911753447,2.7760251518553187,5.757544677136387,14.952768406043429,7.6299527264158815,1.7925446486973318
2022-08-25 07:00:00,48.9763089627428,22.085494647958757,89.82101580301872,49.19978195864975,6.318049374502924,88.29159092909451,19.00603471275395,2.710114165716715,9.476136531555024,3.2503807410495367,5.02762854511307,4.794076489166196,4.237784723414376,3.4807106225854,2.720161268916948,5.644155177373246,10.881358084802622,11.455394559867628,4.565699567084858,2.890080044415115
2022-08-25 08:00:00,56.570668237793484,25.631241323389755,100.13431225693841,58.04216490567339,7.822753647349467,104.58029327345241,21.322536274362832,3.196173478645094,9.969618407393577,2.272643171806971,5.82945523758006,3.9056309900903883,4.89575901477983,4.192594728699105,3.1488249356760223,6.639179331555727,12.243871781560472,9.060839662215304,2.8471089807537746,3.631860300259492
2022-08-25 09:00:00,56.30312728954563,25.09464625949326,101.07522878152245,56.59326839196886,6.968151985765531,101.44298840943111,20.030940602689576,2.814367496342084,9.252398795584462,3.382085251276055,5.605729658500225,4.942539542856435,4.794286880266677,3.732096685562391,2.500669351859055,6.035850229995867,11.214733403613787,12.619975225151078,4.4914118058020485,4.125479663865303
2022-08-25 10:00:00,51.57973833692453,23.13111822372129,97.62787695752876,51.326760959349166,5.991588778685704,92.02123066102025,18.17776618535357,2.440978026719787,8.263013338761327,1.3442808463132363,5.889678632695858,2.2752490994577705,4.611549912918109,3.2473716800888197,2.026049151381317,6.263041413595114,10.387003379351583,12.013115667194368,1.9777575255241135,3.7668980334777515
2022-08-25 11:00:00,50.006045104315064,21.786837805435876,96.45034818720976,49.75571865430381,5.685907103349059,87.04024265577749,17.34856727413712,2.383614000242714,7.529033866117398,2.9619416203763764,5.070692027724844,4.511584480696048,4.615296200414693,3.3022136298253764,2.107570918477093,6.289549516619319,10.587130026145084,12.585330986151684,4.329832564546968,3.5708205840791023
2022-08-25 12:00:00,49.007730999695944,20.97845218040146,97.46509460596404,44.168256264376225,5.480786029640368,85.02733250875194,17.083005892062875,2.2516605211981946,7.443266702339689,1.4784873062838126,5.825421670987283,6.889914793347625,4.260855158041315,3.1273817644169037,2.3261646917898577,5.77991033381116,10.013147592451062,15.391497315377414,6.776243217494226,3.534391677648353
2022-08-25 13:00:00,43.470709170617944,17.46967851347296,90.77498305563832,35.96972398625408,4.07776748080153,69.98061721791176,13.66386323758006,1.8557737346197372,5.825418446622535,2.4819459580050465,3.9593978658002995,4.217053008482548,3.9013764983075694,2.69042893090015,1.8223029674245517,4.474049995664903,7.560835771948962,11.100703535361724,3.9778054514686474,2.7319094859701814
2022-08-25 14:00:00,33.25268105420737,13.523781289104138,80.56271876443773,27.366115903700134,3.3874884950589057,56.061824505006626,10.632185145803113,1.507494274885751,4.622253179498712,0.869968735599397,3.8255855721601684,2.3870919201507728,3.5842400877562874,2.03326872236188,1.4632419282389038,3.3404956286078997,5.560640335457361,6.12068469957402,2.767181013085929,2.4902892702157375
2022-08-25 15:00:00,34.475008021649344,13.479818252961923,77.8734087991803,29.07427342623438,3.7600493166030065,58.0959993931433,9.94822094274664,1.3932008322353955,4.65535372872302,1.9783577478556174,2.828130967619025,4.007871119058719,3.554465621381481,2.1589244673923926,1.3802310863700824,3.0529109585516285,5.028683824024608,10.07946512199961,3.4924214531563154,2.48301792971636
2022-08-25 16:00:00,38.972231317088514,15.804147366302248,81.6248173691662,34.016092220986664,3.5577739919708957,65.10410071096082,11.213315044452692,1.4509062918086681,5.184119859570757,0.8158761371368577,3.380771457969894,2.6646606161414947,3.8489927819643808,1.8845332958555274,1.4973886874116948,3.3626307603111174,5.952592812067907,6.329119963639472,1.481649739049713,2.646917816171655
2022-08-25 17:00:00,44.6384499426904,18.46837761070037,89.18088672021835,44.37811576407934,4.137135239682207,74.15542844886708,14.35852802996289,1.8576751293207319,6.777753609964433,2.9512990659901934,4.993417121807246,4.361428014170259,3.9914252029254875,2.723558555880153,1.808452063794188,4.668661505742985,7.458918432296203,11.008453774866787,3.9747562113640913,2.854649507023325
2022-08-25 18:00:00,54.51839556651784,22.372775944421246,100.28431759949211,59.62882528828355,5.55331291108158,87.80026842848699,17.97120641351909,2.4539143300189616,8.271273466490893,9.328134380821723,5.9177300246116005,7.8168642313893715,4.893869575684761,4.450068467727672,2.234073423686574,6.080996211367302,9.580552230808806,20.441259985343205,8.421138399816924,2.8979006233632223
2022-08-25 19:00:00,58.255456195263584,25.788793035141037,105.94286362241623,60.31018090206318,6.590028948108924,99.6681947181011,21.26631339747311,2.848599091390774,9.244374384332302,4.109125438080989,7.989194081594681,5.489156775954286,5.24029407854627,3.78770332175836,2.977236203956717,7.625846951655035,11.528436946774297,12.79345256710077,4.606498591521487,3.237213770067761
2022-08-25 20:00:00,70.3934224909874,32.54611436616871,110.69216587623626,71.22090259335442,8.382634419798073,121.45749522267539,27.290061692197604,3.529687303011653,11.586367182008878,5.61986709293296,7.78537647806514,6.774018219939336,5.826244859894576,4.87382235756151,3.8973738434031033,9.597792436996546,14.429383699964575,13.596546635914445,3.9956244142266213,3.7521402537131103
2022-08-25 21:00:00,82.83903311484306,42.785284445819556,120.28146094799128,78.28040504197425,11.308367190309156,156.90293714467893,37.00183622438739,4.977119705769711,16.178233157102945,6.103592005418143,12.923280524727595,8.646739368500537,7.645507820947744,7.122019125536056,5.147942928609625,12.098103279525574,20.09792088502914,17.01994521472347,6.817964539048603,5.196994858433406
2022-08-25 22:00:00,81.56436762528622,44.23570483141363,122.51084233449285,84.2878431645396,11.04779863791537,159.70509073596256,38.445210914441674,5.666587293595213,16.972681053756542,4.6873685624314065,11.696540747324306,7.198434570109928,8.2017692162955,7.299138376828354,5.0569162926255995,13.246991601564229,21.811240203787065,16.134845108898013,6.537025187404247,5.884736703239204
2022-08-25 23:00:00,63.76934863271008,33.47466572155773,111.78912288258795,91.70199672230302,7.156850267810716,113.98151471174643,28.027661078803114,4.29674196775656,11.384227886467574,5.863648962196283,11.286867868642307,7.220725377521412,7.194571610240783,6.209813741831942,4.062916880112922,10.239169942723137,16.202072045115756,14.753517339612895,4.870036471316034,4.625042979703058
2022-08-26 00:00:00,39.37331007668336,19.124513360386906,95.32854275173248,55.044840441937815,4.261221792138915,63.70936735825943,16.22456303286988,2.29770860997291,5.998827043296682,2.518710206476431,15.32866135029301,7.40921529769753,4.833769877312641,3.65909584667657,3.146688722441284,5.759138789315109,8.980128456275459,9.617773767552062,2.5523539319080806,2.9046671402836255
2022-08-26 01:00:00,28.833433635429987,10.246824894457822,84.25123831916994,23.713776362021218,2.4790751904333486,34.76185589125193,9.038545077705505,1.1026332861599017,3.3673596662858847,2.81705973630771,4.369658823028621,3.7734104788732226,2.9773079140140943,1.9319988361616842,1.495642718937439,3.1489265764867214,4.628042962394368,7.735317756470434,2.48191624090589,1.5669892673390227
2022-08-26 02:00:00,21.94798229627564,6.749680463965415,79.48776175885166,19.085487981984034,1.310208681135336,21.966993192352,6.30239758333399,0.7105428965662222,2.215999727340064,0.5817143017455608,0.6286078675074354,0.835219511158388,2.499307453209555,1.328922428258052,0.7953138207876438,1.90318605425818,2.652411412348701,4.796333937113697,1.8821867013941964,1.01541701193681
2022-08-26 03:00:00,19.828320383395013,5.108110293188508,77.31272918290156,14.578707571534693,0.9813256899133123,18.511336692804306,5.239629962972883,0.6951739815279785,1.8759280993770124,2.4106171958857603,2.409589892453271,2.8977505899921048,2.175973478983568,1.0621404103946057,0.71709847057314,1.108258136701962,1.6768609574833393,6.0123676436901015,1.7353184870948888,0.794432291436082
2022-08-26 04:00:00,19.089529103918654,4.657246120456746,69.10535228038678,15.107114584701534,0.7937812939486122,17.419850312233457,4.780950786419844,0.6538863545585292,1.5957475581902631,0.5166721801806164,0.2315559444758506,0.47026396605747633,2.198024554830443,1.0462312529036497,0.552811258050488,1.0868918953690665,1.704841861531719,4.716772042241338,0.33663413597072145,0.9177689058693055
2022-08-26 05:00:00,19.83525946369163,5.307112761147069,57.77793392672371,16.59798920327013,1.1189682098753764,20.85305414425165,5.225978758367976,0.811746576507471,2.181690284583092,1.8166711469034031,1.7239876191440846,2.8745842764489664,2.104881907605641,1.0612481492926644,0.8133862050794152,1.4327182445232882,2.2147952867923815,5.800230124245845,1.9678217721124445,1.2787699603605642
2022-08-26 06:00:00,35.18724983797147,12.446653841338215,69.53935294251829,31.34789582378941,3.086195987637866,48.94424818811988,10.919518810586553,1.613743252908376,5.6483819549684835,10.651135519198878,2.035023200025672,9.385392242551024,2.995539499826595,2.0772651063380625,1.527488143252425,2.743127487561567,5.7773508057447955,14.449463242549005,7.794118558864396,2.0362758017721565
2022-08-26 07:00:00,49.39991966161247,22.29898279426806,93.45387039979998,50.17892386146659,6.5145878372964665,88.56892016980954,19.406745854791744,2.759313997379429,9.520963211214456,4.3353390863101975,5.2814612343720935,5.259755267607799,4.6621846441024495,3.3915104905323936,2.9468387284322475,5.6178887267493,10.915778461834172,10.779501862104917,4.632381071750839,3.1415884246994685
2022-08-26 08:00:00,56.937679985625316,25.848545072096783,103.6996481188747,59.02391146342747,8.03661926175657,104.96612394838225,21.698643790532998,3.23759058076059,10.009892956307944,3.290186077648665,5.8442699996283105,4.201999792627112,5.299829647905573,4.098164137593533,3.353056931921448,6.6197824189156105,12.2943447410404,8.222305819498168,2.8182506191831203,3.8906786157812165
2022-08-26 09:00:00,56.620827130384754,25.315785312964202,104.56239558625181,57.573490463970145,7.198746658303493,101.94333263621473,20.383450494149127,2.847881570844151,9.288935896284118,4.323079533372545,5.384294004413991,5.069515362414619,5.173948810547725,3.633545174244335,2.680776836504483,6.023599898941511,11.28267889594477,11.630938120329294,4.370059586510596,4.391058884594638
2022-08-26 10:00:00,51.85629465383464,23.356242487674205,101.02690519761926,52.30202307121067,6.238224728997502,92.6413825346155,18.508223137117085,2.466597976447429,8.296822441167079,2.200571457511798,5.437674632631014,2.2346691039045252,4.963108273675419,3.145941161727411,2.180625062844136,6.258258469363285,10.473814620042,10.887764137200042,1.7680197072014583,4.038607606260939
2022-08-26 11:00:00,50.2503794583199,22.01624471909533,99.75201498882709,50.723333033200134,5.9478195631432325,87.78475390742237,17.659048325471428,2.4014828004784183,7.561317183251804,3.7264514428936266,4.396652712438463,4.3071764564593575,4.935493469048953,3.19926407370016,2.2354983288776356,6.292602605420596,10.694165073915393,11.339738418818074,4.036827736775172,3.847949692967043
2022-08-26 12:00:00,49.22938132848223,21.212601852543305,100.66098459899098,45.12632576178034,5.7571467630149264,85.89999757319796,17.37610677532327,2.262058237883206,7.475414300652282,2.14530344751393,4.940631458213718,6.527244611809321,4.546918191889574,3.0243750237144917,2.4266315002513967,5.79121895353385,10.141720885404162,14.043431386796886,6.406036392800685,3.8161515612111385
2022-08-26 13:00:00,43.67968615495742,17.709206323112255,93.85754372147882,36.917173231953214,4.367698909888912,70.98446753820724,13.942677444557457,1.859118616204044,5.859000413573744,3.0463914523423767,2.877758179463025,3.7034497862840987,4.151057169845996,2.5889109149809304,1.8948129448141626,4.494086347204129,7.712209651320172,9.669414391821038,3.537332950059055,3.017436809652371
2022-08-26 14:00:00,33.45931955701579,13.769507652587418,83.52530974475125,28.302710196933017,3.6900782110391432,57.19913182329351,10.900275884053155,1.504341871205964,4.659008894846172,1.3286587392728784,2.5634472619393636,1.7315518248263868,3.7958489605693955,1.9348501350730707,1.5076219647084304,3.3697852361447733,5.736016593261857,4.626674160380201,2.264165058743857,2.7786505383901563
2022-08-26 15:00:00,34.6898155348326,13.73275528461041,80.71034466471507,30.000625014260095,4.074364748297665,59.36828760939563,10.209586225361072,1.3842411181375254,4.697178298841532,2.329239505891305,1.4040955556619572,3.2209410319000282,3.7268981964718413,2.0652603519539596,1.3966345382890313,3.0920320019683407,5.229195306841671,8.544239713251043,2.9352755219867457,2.773214907523123
2022-08-26 16:00:00,39.20573540374929,16.06550221641041,84.33140343425276,34.933653817613866,3.882877006383827,66.51216583621901,11.472346260670506,1.4369588019309163,5.233047820657028,1.0582522108194246,1.8154636350453393,1.7583031184011504,3.981747941184673,1.7973016461830889,1.4862947697914686,3.4122120861357623,6.1792951227079955,4.774930811209985,0.8793758205642668,2.937893919129507
2022-08-26 17:00:00,44.901046647094134,18.739552298838998,91.75344751760342,45.28916128664217,4.4720964485885935,75.69936603920115,14.619962420159329,1.8396821352796948,6.835940038111033,3.085833512801152,3.3092312792858003,3.348869389515109,4.084615574774454,2.6444382648124765,1.7706612822086234,4.729379299490524,7.7127817677532615,9.458026535362599,3.336835233355644,3.1452971021883736
2022-08-26 18:00:00,54.82020074772644,22.65536355961897,102.72021770086249,60.53641799073918,5.897225463475732,89.47950780779267,18.240073958576957,2.432932118541703,8.340972671850894,9.35684179698658,4.138553939348195,6.71242738743215,4.948223654004214,4.380716895277952,2.1706990888786226,6.153569336107997,9.862453399060069,18.917518132186217,7.757415154687575,3.187069173774635
2022-08-26 19:00:00,58.60616170239149,26.084570229874842,108.24052056384294,61.218129257352246,6.942021597167044,101.48153923384945,21.547878711646682,2.825787428200993,9.327916402828707,4.035342991039045,6.140113162644153,4.308081178058883,5.257150031388406,3.729733772676062,2.8896921217031974,7.711030978620017,11.839151608868065,11.319237434875655,3.9270625685295872,3.523718743042517
2022-08-26 20:00:00,70.80215901725846,32.85703011951313,112.8510550020126,72.13370440740036,8.741883664068034,123.40316769700831,27.589761574890733,3.506297191650771,11.68613230953714,5.4482098806360995,5.892362233175895,5.532269084289611,5.807536072568813,4.828781759997794,3.787358318895811,9.696372413486245,14.769578884008405,12.194337663719628,3.310687988796432,4.034772702179798
2022-08-26 21:00:00,83.31424147311137,43.11344512389368,122.30211206077905,79.20318047869861,11.674108300578355,158.9786296156974,37.3252135852093,4.954479573984936,16.2966247992735,5.839892293581567,11.012867105407643,7.360808495461052,7.593740324499249,7.091366201963828,5.017419270225114,12.210885299150217,20.46814781836285,15.711583837688028,6.137740001436453,5.474531574378901
2022-08-26 22:00:00,82.11368008228473,44.58335563568306,124.39482812121882,85.2262574921271,11.419335401253525,161.90801757813216,38.79784584778193,5.646087763462206,17.112097195252723,4.338599650576753,9.795493592573386,5.885135301995815,8.119991259078354,7.284222595083336,4.908090045067847,13.374793262960232,22.211927516067156,14.94126570153306,5.871602107422991,6.155950835092951
2022-08-26 23:00:00,64.39948179199988,33.844168661178045,113.53903914507481,92.66217373299895,7.533563295554531,116.30846815930306,28.415099898586085,4.279819384474088,11.547031503300106,5.437834628373546,9.421848565028052,5.896984233277072,7.08633573142105,6.211855324383356,3.8982100558486916,10.38280979900611,16.63351939074794,13.694488532466988,4.229260888002474,4.8887149965236745
2022-08-27 00:00:00,40.0899706497701,19.518321942864194,96.94798055729335,56.03326763955313,4.64257526163057,66.15677446315013,16.65224611800595,2.2858275237514554,6.187315802465761,2.024820855158435,13.525892885701285,6.091862874918128,4.703087940248739,3.679167106068445,2.968711339341404,5.91942490978432,9.442500608425645,8.711653330905863,1.9457108319358276,3.1595960208529705
2022-08-27 01:00:00,29.641238270525285,10.667455778789437,85.7447482555786,24.737203109274112,2.8646219125982793,37.325835942475756,9.511734401027534,1.0972680967474255,3.5837352728770124,2.2648965481879104,2.654595409682381,2.4789742230086746,2.828599649017634,1.971007088555999,1.3071619852352412,3.326644356524864,5.12136442978889,6.9988240837259115,1.9184167500237568,1.8120037872896482
2022-08-27 02:00:00,22.850392442817945,7.1996823681491,80.8608105442284,20.1508179086267,1.6995934095587786,24.643414632290295,6.826104808709191,0.7131588837738609,2.4623372890436572,-0.018217165870809904,-0.9743865403069432,-0.42027907691711075,2.337343145368108,1.387594718495677,0.5992213379923925,2.099085424273015,3.176561629920351,4.244336952651163,1.3702613503124295,1.2493869991642719
2022-08-27 03:00:00,20.827592975260266,5.590030493445353,78.57164896219741,15.692886638473372,1.3742866131977038,21.29587259562564,5.818545997345309,0.7072079552771551,2.154145884314141,1.7739920125210895,0.9416294213276655,1.696509382880588,2.0058115143692232,1.1410102616141766,0.5163758502304154,1.3230403328518525,2.2315701004646815,5.657701725074056,1.282717836092616,1.0162797185843484
2022-08-27 04:00:00,20.18668363982603,5.173594923570892,70.25728300458317,16.277016250300107,1.1901496795746258,20.30803154021912,5.419377667549233,0.6767271662353309,1.907577526015829,-0.14514579008222128,-1.0800968597821008,-0.6622884013952235,2.024944607104612,1.1456276285681262,0.3504945684695424,1.3211959655483518,2.289687333081357,4.570073276933594,-0.049662046092487255,1.1264786893946153
2022-08-27 05:00:00,21.030061836895594,5.860326362378535,58.83075926732507,17.83029818700106,1.5186661939151107,23.840319329277094,5.927764733400073,0.8467157371879972,2.528649764404854,1.1414395554686827,0.5879530885602788,1.8240891620833724,1.934314605929178,1.1812867886231735,0.6125296786834797,1.6871074702160982,2.829198924524925,5.869799916598205,1.653957852528655,1.473400336615891
2022-08-27 06:00:00,36.4782130675457,13.039056020597203,70.50163026924456,32.6489920200256,3.489232532535218,52.025989778452924,11.687997436797652,1.6620759066727326,6.03174683892127,9.974395956443033,1.0917061790092646,8.429098792363597,2.8329934681005406,2.2178423669499527,1.3311275857897464,3.018075909456153,6.420576853229322,14.74115997118092,7.5578921403298365,2.21596815496171
2022-08-27 07:00:00,50.784321433631284,22.932745920348825,94.33475538641915,51.554767911565044,6.921052905942857,91.74052582857016,20.244679906030147,2.8221404953156752,9.941743017870387,3.668970209393913,4.545528144602895,4.408438742395827,4.5131718376728225,3.5522997986847127,2.757955074358324,5.9137679633616775,11.586932344997493,11.296661929143037,4.478015692782658,3.3055764458230676
2022-08-27 08:00:00,58.41159671462876,26.525650912866453,104.50881461014232,60.47993354528886,8.446676282941409,108.22301269865768,22.608174706532438,3.3159188972683515,10.46880810241209,2.645886282262809,5.327762611283503,3.4649387462948065,5.169789940682797,4.278615117054146,3.1745403902154963,6.936848969817175,12.992372688042456,8.965695085379647,2.7489410998672126,4.038296678578057
2022-08-27 09:00:00,58.17918402821091,26.037986161780417,105.3099513954386,59.11448379196889,7.612623383922713,105.28098523551466,21.366054048675984,2.9425807959627193,9.786397493816985,3.7122158155342375,5.096469637621757,4.454383229544298,5.068174798534436,3.8328854904320355,2.515392063766647,6.3619831221893985,12.006368434428627,12.598734330482541,4.3879376732398905,4.521749532541984
2022-08-27 10:00:00,53.49293108338638,24.12502312197036,101.72330453705221,53.93204355005742,6.656202607127328,96.05536565506102,19.564671930731013,2.5783831070641314,8.832914911703512,1.6340323110646249,5.384880434332673,1.7474462484921158,4.886671261890619,3.363181083870095,2.030977788281015,6.617949418127836,11.22179598099279,12.075570573056163,1.8741327654788533,4.151928053525137
2022-08-27 11:00:00,51.95812865493939,22.83278570983144,100.40796827377935,52.44560646203623,6.370221773707879,91.27073780827648,18.789381630820444,2.530901039333987,8.13578395020561,3.2145056412035027,4.5822356291544795,3.952083737695394,4.8931715982625965,3.4332037242284414,2.104003838939281,6.673443901644877,11.464913524445569,12.74062861250613,4.231130708093414,3.943577253013764
2022-08-27 12:00:00,51.000163387533206,22.0777447393679,101.28736639100762,46.94316388639852,6.184325083534969,89.45376706875746,18.579608182159664,2.4094769935999736,8.087646790125822,1.697466490698007,5.364885075194207,6.30669925228303,4.543127638833065,3.27361425119813,2.315485367426465,6.192895868688932,10.933560010100217,15.648024365627197,6.687397074511461,3.893887928731303
2022-08-27 13:00:00,45.50461301573708,18.623421159427895,94.46529959445883,38.82989983967143,4.8000195983640985,74.60192618533007,15.217860663005393,2.0247153785299257,6.508030558474948,2.6713013620791575,3.53790714496046,3.6180440480005056,4.1897873191667685,2.851861692557049,1.8059643590268952,4.916119248307328,8.523315595327798,11.465979529593422,3.9035504862989967,3.0772111338201125
2022-08-27 14:00:00,35.3288105448001,14.732863397440664,84.12536284896778,30.31159833563323,4.127907105898018,60.87629932988119,12.24487896111373,1.6880961133681252,5.343505293784169,1.0339627708163968,3.453669546448139,1.780054711731228,3.8806024000399946,2.2097513552662313,1.4427499924952545,3.8115235394116587,6.5644232690153785,6.601264356702107,2.712001370882179,2.820521238485785
2022-08-27 15:00:00,36.59372191086065,14.744893507877467,81.31350280155003,32.104846288339346,4.518051803442518,63.10129063978384,11.620574346237591,1.585928357063667,5.4154461484924985,2.121493210029611,2.515582327651779,3.4003229500296133,3.860636331051154,2.3501948590311477,1.357127601045982,3.552649764755087,6.072800568069568,10.680851272929186,3.460499248813461,2.7973701974508978
2022-08-27 16:00:00,41.13347223056831,17.125614535776,84.94826740539402,37.13124054448408,4.332740485125948,70.29722243602264,12.945923189428918,1.656146919420836,5.983032688612641,0.9428321200211616,3.136516064031361,2.063783132061193,4.166842951659404,2.0902153160968657,1.4732335911858632,3.890705345215866,7.035867892171176,7.055688054529186,1.4768181782488377,2.9446510202058604
2022-08-27 17:00:00,46.84173020688807,19.846361944690155,92.3943215360907,47.57698218318286,4.928407011616141,79.53276406262377,16.1515905460236,2.075730039151963,7.615235506651336,3.0668645641334753,4.825393121992941,3.773984434426467,4.3228093725618955,2.94316092011871,1.7848055140878278,5.224565249017883,8.579970106625982,11.863388881963644,4.000457066955384,3.135100140175951
2022-08-27 18:00:00,56.76278967005735,23.80711141468632,103.39502261264154,62.91016785971726,6.360190389008462,93.35757781336461,19.824502805599252,2.684990793716492,9.146831835325054,9.43714041262005,5.832778316264044,7.2491225240469666,5.240594396668006,4.682984815791366,2.2124777791506514,6.664087414855997,10.737793493604467,21.426507114555395,8.480384311092896,3.1604857706401495
2022-08-27 19:00:00,60.53959991240414,27.2790056425612,108.95871059984887,63.67233297944279,7.411769372947011,105.40062240646304,23.179181669143848,3.092803399471232,10.15726715653405,4.216376547693955,7.992961508332732,4.946819706314753,5.604086670891723,4.033213542820859,2.959198140658371,8.235345915323146,12.720077643338954,13.909680855445078,4.701840597571116,3.4814353287585384
2022-08-27 20:00:00,72.71551858770012,34.09140673718811,113.62153874816451,74.66173538029747,9.218449187829115,127.3595794375064,29.261380505843558,3.787018390749367,12.535596322272301,5.7300730878303625,7.882233001640108,6.2621610896406255,6.2087213098810965,5.13109517568868,3.8843468118050772,10.232779254978954,15.653433759469568,14.843127897228477,4.129125061968488,3.977588586911568
2022-08-27 21:00:00,85.19686348511462,44.38452194384759,123.13317830260257,81.79729345451948,12.157418923506885,162.9686195500633,39.03001088227701,5.247463575351059,17.16254002247792,6.221300797380048,13.116251442130924,8.169756173832145,8.048142240479384,7.390115946217739,5.141310155554112,12.75751642433275,21.352194674019575,18.394947115557372,6.991176846651325,5.403351836437631
2022-08-27 22:00:00,83.95531160557294,45.88740340442927,125.29407715229354,87.87763558353454,11.909198038285812,165.92772677078176,40.52816340945894,5.94971232339649,17.990543715015033,4.816900955638413,11.987254850427792,6.759993193859302,8.625863783459977,7.577018379696889,5.057974527314883,13.929627360215203,23.093361997446827,17.6350390691779,6.7509776646643775,6.071778093317184
2022-08-27 23:00:00,66.19040715964533,35.176981694772316,114.51332009613917,95.36098919454551,8.029652815283951,120.35388438704743,30.16282441618565,4.592295190461074,12.433860502668328,6.009036218323014,11.675522238845648,6.823732316491489,7.641228002362556,6.496340188402561,4.072861072865425,10.943682760831924,17.509482603931936,16.374401089344417,5.125224330118048,4.792640148967343
2022-08-28 00:00:00,41.82113528194422,20.87523538112293,98.00333523228356,58.768755837724136,5.144424356600116,70.22368646537699,18.408879991049,2.6052130337821873,7.078181366051617,2.683635179220335,15.814003289660072,7.055790308785074,5.303862495783087,3.953043558388603,3.166597816460753,6.484042575256079,10.31009269326348,11.35360830992037,2.848736543594269,3.0527880444324036
